10CC,Dreadlock Holiday,Gm
187 Lockdown,Gunman (Natural Born Chillers Remix),Ebm
4hero,Star Chasers (Masters At Work Main Mix),Am
50 Cent,In Da Club,C#m
808 State,Pacific State,Ebm
A Guy Called Gerald,Voodoo Ray,A
A Tribe Called Quest,Can I Kick It? (Boilerhouse Mix),Em
A Tribe Called Quest,Find A Way,Ebm
A Tribe Called Quest,Vivrant Thing (feat Violator),Bbm
A-Skillz,Drop The Funk,Em
Aaliyah,Are You That Somebody?,Dm
AC-DC,Back In Black,Em
AC-DC,You Shook Me All Night Long,G
Acid District,Keep On Searching,G#m
Adam F,Aromatherapy (Edit),Am
Adam F,Circles (Album Edit),Dm
Adam F,Dirty Harry's Revenge (feat Beenie Man and Siamese),G#m
Adam F,Metropolis,Fm
Adam F,Smash Sumthin (feat Redman),Cm
Adam F,Stand Clear (feat M.O.P.) (Origin Unknown Remix),F#m
Adam F,Where's My (feat Lil' Mo),Fm
Adam K & Soha,Question,Gm
Adamski,Killer (feat Seal),Bbm
Adana Twins,Anymore (Manik Remix),Ebm
Afrika Bambaataa,Mind Control (The Danmass Instrumental),Ebm
Agent Sumo,Mayhem,Fm
Air,Sexy Boy,Dm
Aktarv8r,Afterwrath,Am
Aktarv8r,Shinkirou,A
Alexis Raphael,Kitchens & Bedrooms,Fm
Algol,Callisto's Warm Oceans,Am
Alison Limerick,"Where Love Lives (Original 7"" Radio Edit)",Em
Alix Perez,Forsaken (feat Peven Everett and Spectrasoul),Cm
Alphabet Pony,Atoms,Em
Alphabet Pony,Clones,Am
Alter Ego,Rocker,Am
Althea & Donna,Uptown Top Ranking (2001 digital remaster),Am
Alton Ellis,Black Man's Pride,F
Aluna George,"Your Drums, Your Love (Duke Dumont Remix)",G#
Amerie,1 Thing,Ebm
Amira,My Desire (Dreem Teem Remix),Fm
Amirali,Beautiful World,Fm
Amnesia Haze,Raw (feat Anturage),Bm
Amy Winehouse,You're Wondering Now,C
Andrew Bayer & Matt Lange,In And Out Of Phase (feat Kerry Leva) (Calyx & TeeBee Remix),Cm
Antipop Consortium,Ping Pong,Fm
AntiSerum,Trippy (feat Mayhem),F#m
Aphex Twin,Flim,Bb
Aphex Twin,Windowlicker,Cm
Aretha Franklin,Respect,C
Aril Brikha,Palma,Bbm
Armand Van Helden,The Funk Phenomena,Ebm
Armand Van Helden,U Don't Know Me (feat Duane Harden),Gm
Arrested Development,People Everyday (Ibrahim's Edit),Em
Ash,Kung Fu,E
Asian Dub Foundation,Box,Fm
Asian Dub Foundation,Charge,Em
Asian Dub Foundation,Witness,Fm
Audio Junkies,Bird On A Wire (Audio Junkies Dub),Fm
Audioweb,Policeman Skank (Freestylers Rinse Out Mix),Em
Augustus Pablo,Java,Am
Azzido Da Bass,Doom's Night (Timo Maas Remix),Am
B-Complex,Beautiful Lies VIP,Dm
B-Complex,Three Dots,Em
Babe Ruth,The Mexican,Em
Baby D,Let Me Be Your Fantasy,Em
Bachelors Of Science,Strings Track,Bm
Bachelors Of Science,The Ice Dance,C#m
Backdraft,Riddler,Dm
Bad Company,The Nine,Am
Basement Jaxx,Jump N' Shout,Em
Basement Jaxx,Never Say Never (Mark Knight Remix),G#m
Basement Jaxx,Red Alert,Fm
Basement Jaxx,Where's Your Head At,C
Bass Brothers,Jamaican Thug,Em
Beastie Boys,An Open Letter To NYC,C#m
Beastie Boys,Intergalactic,Em
Beastie Boys,Root Down,F
Beastie Boys,Sure Shot,Ebm
Beastie Boys,Triple Trouble,Em
Beat Assassins,Gunclip,F#m
Beats International,Dub Be Good To Me,Gm
Beck,Where It's At,A
Beenie Man,Who Am I? (Playground Mix),Bm
Ben Pearce,What I Might Do,Cm
Ben Sage,All About You (VIP Mix),Bm
Benga,Crunked Up,F#m
Benga,E Trips,F#m
Benny Page,Sound Fi Dead (feat Top Cat),Am
Beyoncé,Crazy In Love,Dm
Big Chocolate,Blue Milk,Am
Big L,Put It On,F#m
Big Punisher,Twinz (Deep Cover '98),Bm
Bigga Star,Ghost,F#m
Bill Withers,Use Me,Em
Bill Withers,Who Is He (And What Is He To You)?,G#m
Billy Idol,White Wedding,Bm
Bimbo & Lemar,Music (B&K Jazz Rub),Em
Bizarre Inc,Playing With Knives,Bm
Björk,Hyperballad,Cm
Black Box,Ride On Time,Am
Black Moon,Who Got Da Props,Ebm
Blak Twang,So Rotten (feat Jahmali),Am
Blake Leyh,The Fall,Em
Blondie,Atomic,Em
Blondie,Call Me,Dm
Blondie,One Way Or Another,D
Blondish,Lonely Days (Hunter Game Remix),Am
Blu Cantrell,Breathe (feat Sean Paul),Bm
Blu Mar Ten,Into The Light (feat Airwalker),Gm
Blu Mar Ten,Love Is The Devil,Cm
Blu Mar Ten,The Fourth (feat Jenni Potts),F#m
Blu Mar Ten,Whisper (feat Kirsty Hawkshaw),Cm
Blueboy,Remember Me,G#m
Blur,Girls And Boys,Gm
Boards of Canada,Music is Math,Gm
Boards of Canada,Roygbiv,Bm
Boards of Canada,Rue The Whirl,Bm
Bob Holroyd,Re-torch,Ebm
Bob Marley & The Wailers,Could You Be Loved (Album version),Bm
Bob Marley & The Wailers,"Get Up, Stand Up",Cm
Bob Marley & The Wailers,I Shot The Sheriff (Album version),Gm
Bob Marley & The Wailers,Jamming (Eric Thorngren Remix),Bm
Bobby Womack,Across 110th Street,Bm
Bodyrox,Yeah Yeah (feat Luciana) (D Ramirez Vocal Club Mix),C
Boogie Down Productions,I'm Still #1,Dm
Booker T & The MG's,Green Onions,Fm
Bossman,Ayo,G#m
Boys Noize,Yeah,Dm
Brand Nubian,Don't Let It Go To Your Head,Eb
Breakbeat Era,Animal Machine,Bbm
Breakbeat Era,Bullitproof (Unkle Remix),Bm
Breakbeat Era,Past Life,Ebm
Breaking News,Rush Hour (Quadrat Beat Remix),Fm
Britney Spears,Toxic (Armand Van Helden Remix),Cm
Brookes Brothers,Last Night,Cm
Brookes Brothers,Snowman,Bbm
Brookes Brothers,Tear You Down (Single),Ebm
Brother Ali,Tight Rope,Am
Brother Ali,Victory! (Come Forward),Am
Brothers Johnson,Strawberry Letter 23,Eb
Bruce Springsteen,Tenth Avenue Freeze Out,F
BSN Posse,Southern Light (Manul Remix),Dm
Busta Rhymes,Fire It Up (Instrumental),Em
Busta Rhymes,Woo Hah!! (Got You All In Check) (feat Rampage),C
Busy Signal,Modern Day Slavery,Gm
C&C Music Factory,Gonna Make You Sweat (Everybody Dance Now),Bbm
Calvin Harris,Acceptable In The 80s,E
Calvin Harris,I'm Not Alone (Deadmau5 Mix),F#
Calyx,Elevate This Sound (feat TeeBee),Fm
Calyx,The Divide (feat TeeBee),Fm
Calyx & Teebee,Pure Gold (feat Kemo),Fm
Cameo,Word Up!,F#m
Camo & Krooked,Afterlife,Dm
Camo & Krooked,In The Future (feat Jenna G and Futurebound),Fm
Camo & Krooked,Reincarnation,Fm
Camo & Krooked,Turn Up (The Music),Gm
Caribou,All I Ever Need,Bbm
Caribou,Back Home,Cm
Caribou,Dive,Cm
Caribou,Our Love,Cm
Cate Ferris,Blaze Bright,Bm
Ce-Ce Peniston,Finally,Bm
Cellardore,Tubular Bass,Am
Chad Jackson,Hear The Drummer (Get Wicked),Cm
Chairmen Of The Board,Give Me Just A Little More Time,C
Chase & Status,Alive (feat Jacob Banks),F
Chase & Status,Blind Faith (feat Liam Bailey) (Loadstar Remix),Dm
Chase & Status,Can't Get Enough,C#m
Chase & Status,Eastern Jam,Em
Chase & Status,Fire In Your Eyes (feat Maverick Sabre),Gm
Chase & Status,Flashing Lights (feat Sub Focus and Takura),Em
Chase & Status,Hypest Hype (feat Tempa T),Em
Chase & Status,Is It Worth It,Dm
Chase & Status,No Problem,Fm
Chase & Status,Streetlife (feat Takura),Dm
Chase & Status,Time (feat Delilah),Am
Chewie,Isolation,Em
Chewie,Silver and Gold (feat Mykal Rose),Em
Chic,"Everybody Dance (12"" Version)",Cm
Chicane,Offshore (Disco Citizens Remix),Fm
Chris Malinchak,So Good To Me (Radio Edit),B
Chromatic,Tell Her,Fm
Claude VonStroke,Who's Afraid Of Detroit? (Stanton Warriors Remix),Fm
Clifford Gilberto,The 10th Victim,Dm
Clima,Be Without You (feat Lady Emz),Bm
Clima,Be Without You (feat Lady Emz) (BSN Posse Remix),Bm
Commix,Be True,G#m
Common,I Used To Love H.E.R.,Fm
Coolio,Gangsta's Paradise,Cm
Corona,"The Rhythm of the Night (Rapino Bros 7"")",Cm
Counterfeit,Inner Space (Bootleg),Am
Counterfeit,Moonlit (Promo),Am
Counterfeit,One Kick (Promo),Am
Counterfeit,Time To Shine (Promo),F#m
Crisp Biscuit,Soggy Bottomz,Fm
Crystal Castles,Baptism,Em
Crystal Castles,Reckless,F#m
Crystal Castles,Untrust Us,Gm
Crystal Waters,Gypsy Woman,Dm
CSS,Let's Make Love And Listen To Death From Above,Cm
CSS,Meeting Paris Hilton,G#m
Culture Shock,I Remember,G#m
Curtis Mayfield,Move On Up,Bm
Cut Copy,Lights And Music,Bbm
Cut Copy,Out There On The Ice,Bb
Cyantific,Brighter Day (feat Natalie Williams),F#m
Cyantific,Flashback (feat Logistics),Gm
D Double E,Street Fighter Riddim,Am
D Ramirez,Colombian Soul (feat Mark Knight),Em
Daft Punk,Aerodynamic (Daft Punk Remix),Bm
Daft Punk,Around The World,Em
Daft Punk,Contact (feat DJ Falcon),Bm
Daft Punk,Da Funk,Gm
Daft Punk,Get Lucky (feat Pharrell Williams),Bm
Daft Punk,Giorgio By Moroder (feat Giorgio Moroder),Em
Daft Punk,"Harder, Better, Faster, Stronger",F#m
Daft Punk,One More Time,Bm
Daft Punk,Solar Sailer,Ebm
Damian Jr Gong Marley,One Loaf Of Bread (Something For You),Dm
Dan Le Sac,Thou Shalt Always Kill (feat Scroobius Pip),Bbm
Danny Byrd,Planet Music,Ebm
Daphni,Ye Ye,Ebm
Dark Sky,Drowned City,C#m
Dave Spoon,Bad Girl (At Night) (feat Lisa Maffia) (Beat Vandals Remix),Em
David August,Hamburg Is For Lovers,Em
David Bowie,China Girl,Em
David Guetta,GRRRR (Club Mix),Gm
David Morales,Needin' U (Original Mistake Edit),C
DC Breaks,Horror,F#m
DC Breaks,Swag,Fm
De La Soul,All Good? (feat Chaka Khan),Am
De La Soul,Oooh. (Original Version),C
De La Soul,"Ring Ring Ring (Ha Ha Hey) (UK 7"" Edit)",Fm
Dead Prez,Hip-Hop,Am
Deadmau5 & Kaskade,I Remember,B
Deee-Lite,Groove Is In The Heart (Peanut Butter Mix),Am
DeeJay Punk-Roc,Far Out,G#m
Deep Dish,Monsoon,C
Deep Dish,Summer's Over,Ebm
Deep Dish,The Future Of The Future (Stay Gold) (feat Everything But The Girl),Dm
Delroy Wilson,Love Uprising,Bb
Delta Heavy,Take The Stairs,F
Delta Heavy,Turbine,Am
Depeche Mode,Dream On,Ebm
Depeche Mode,It's No Good,Cm
Depeche Mode,Personal Jesus,F#m
Desmond Dekker,Beautiful & Dangerous,D
Diana Ross & The Supremes,You Keep Me Hangin' On,A
Die,Bright Lights (feat Interface and William Cartwright) (Rockers Mix),Fm
Die Antwoord,I Fink U Freeky,Bm
Digitalism,Magnets,Am
Digitalism,Zdarlight,Am
Dilated Peoples,Worst Comes To Worst,G#m
Dillinja,Twist Them Out,Am
Diplo,Summer's Gonna Hurt You (Diplo 2010 Remix),Bm
Disclosure,Help Me Lose My Mind (feat London Grammar) (Paul Woolford Remix),F#m
Disclosure,Latch (feat Sam Smith),Fm
Disclosure,What's In Your Head,Gm
Disclosure,When A Fire Starts To Burn,G
Disclosure,White Noise (feat Aluna George),Fm
Divine Soul,Shake That Ass (Black And White Dub),F#m
Dizraeli,Bomb Tesco (Scifax Remix),Am
Dizraeli,Earth Sound,Gm
Dizraeli,Million Miles,Cm
Dizzee Rascal,Brand New Day,G#m
DJ Clairvo,I'll Be A Good Man,Em
DJ DeeKline,4x4x4 (feat David Elliot),Dm
DJ DeeKline,Baila Baila (feat Wizard and Stereo Type),Em
DJ DeeKline,No No No (feat Ed Solo and Gala Orsborn) (Serial Killaz Remix),Am
DJ DeeKline,Sensi (feat Ed Solo),Em
DJ DeeKline,Steam (feat Wizard and DJ Fresh),Bbm
DJ Food,Dark Lady (Skint Mix),Am
DJ Format,3 Feet Deep (feat Abdominal and D-Sisive),Gm
DJ Format,The Hit Song (feat Abdominal),Eb
DJ Format,We Know Something You Don't Know (feat Chali 2na and Akil),Fm
DJ Fresh,Chacruna,Am
DJ Fresh,Golddust (feat Ce'cile) (VIP Ibrahim Edit),G
DJ Fresh,Hypercaine (feat Stamina and Koko),G#m
DJ Fresh,Mission To Mars,G#
DJ Fresh,The Gatekeeper,F#m
DJ Hazard,Evac Q 8,G#m
DJ Hazard,Machete,Ebm
DJ Krust,Warhead,F#m
DJ Mark The 45 King,The 900 Number,C
DJ Marky,Yellow Shoes (feat SPY) (Calibre Remix),Em
DJ Nut Nut,Special Dedication (Sigma Remix),G#
DJ Rap,Bad Girl (BT Spoken Progenitor Mix),Bbm
DJ Rap,Bad Girl (Roller Remix),Bbm
DJ Shadow,Disavowed (feat Zack De La Rocha),Ebm
DJ Shadow,Midnight In A Perfect World,Gm
DJ Shadow,Organ Donor (Extended Overhaul),C#m
DJ Shadow,What Does Your Soul Look Like (Part 2),Dm
DJ Shadow,You Can't Go Home Again (Radio Edit),Bbm
DJ Snake,Turn Down For What,Em
DJ SS,The Lighter,Cm
DJ Zinc,Super Sharp Shooter,Gm
DMX,Lord Give Me A Sign,Bm
Dom Almond,Shake It (Philipe Boyar Remix),Fm
Dom Almond,We Are Ravers,Am
Dom And Roland,Thunder (Remix),F#m
Donna Summer,"I Feel Love (12"" version)",C
Double 99,Ice Cream Dubplate,C#m
Double 99,Ripgroove (feat Top Cat) (Vocal Club Mix),Fm
Dr Dre,California Love (feat 2Pac),Gm
Dr Dre,Forgot About Dre (Instrumental),Gm
Dr Dre,Still D.R.E. (feat Snoop Dogg),Am
Dr Dre,The Next Episode (feat Snoop Dogg),Ebm
Dr Dre,Xxplosive (feat Hittman),Cm
Drumattic Twins,Snakebyte,Gm
Dub Phizix,Happy Five,Fm
Dub Phizix,Marka (feat Strategy),Em
Duck Sauce,Barbra Streisand,Eb
Dusky,Careless,Gm
Dutty Moonshine,Moonshine Hype (feat Hypeman Sage),F#m
Dynamic Syncopation,2 Tha Left (feat Mass Influence),Em
E-Z Rollers,Tough At The Top (Origin Unknown Remix),Gm
East 57th St,Saturday (Main Mix),Am
Ed Rush & Optical,Compound,F#m
Eddie Floyd,Knock On Wood,E
edIT,Battling Go-Go Yubari In Downtown L.A.,G#m
edIT,Straight Heat,Fm
Edward Sharpe & The Magnetic Zeros,Home,Bm
EDX,Embrace,Bm
EDX,Reckless Ardor,Bbm
Elastica,Connection,Bbm
Elastica,Image Change,Am
Electric Six,"Danger! High Voltage (Soulchild 12"" Blitz Mix)",Bm
Electric Six,Gay Bar,Dm
Eliphino,More Than Me,Am
Emeli Sandé,Heaven (Nu-Tone Remix),G#m
Eminem,"Bitch Please II (feat Dr Dre, Snoop Dogg, Xzibit and Nate Dogg)",Fm
Eminem,Lose Yourself,Dm
Eminem,My Name Is,Em
Eminem,Stan (feat Dido),G#m
Enei,Atlantis,F#m
Enei,Obsession (feat MC DRS),Cm
Energy 52,Café Del Mar,Dm
Eric B & Rakim,Know The Ledge,Gm
Eric Prydz,Pjanoo (High Contrast Remix),Gm
Erykah Badu,On & On,Em
Erykah Badu,Other Side Of The Game,G#m
Essess,Just Friends (feat Brendan Reilly),Cm
ETA,Casual Sub (Burning Spear),Bb
Eurythmics,Sweet Dreams,Cm
Eve,Let Me Blow Ya Mind (feat Gwen Stefani),G#m
Everything But The Girl,Missing (Todd Terry Club Mix),Am
Exco Levi,Storms Of Life,D
Faithless,Insomnia (Ib's quantised Monster Mix),Bm
Fatboy Slim,Acid 8000,Bm
Fatboy Slim,Gangster Tripping,C#m
Fatboy Slim,Praise You (Maribou State Remix),G#m
Fatboy Slim,"Right Here, Right Now",Am
FC Kahuna,Glitterball,G#m
Featurecast,Avenue Rock,Em
Featurecast,Funky White Brother,Em
Featurecast,Rock Ya Body,F
Featurecast,Take A Ride,Em
Featurecast,Wow!,Fm
Fedde Le Grand,Control Room,Am
Felix Da Housecat,Silver Screen - Shower Scene,Em
Felix Da Housecat,Silver Screen - Shower Scene (Thin White Duke Remix),Am
Filthy Kicks,Beauty and the Beats,C#m
Filthy Kicks,Crave,F#m
Filthy Kicks,Essa Einai,Cm
Filthy Kicks,Service,Dm
Finley Quaye,Even After All,E
Fischerspooner,*#!@¥¿,Gm
Fischerspooner,All We Are,Am
Fischerspooner,Cloud,Cm
Fischerspooner,Emerge,Fm
Flashmob,Need In Me,Cm
Florence & The Machine,You've Got The Love (Mark Knight Remix),Ebm
Flowdan,Say Nothin' (feat Jubei) (Rockwell Remix),Fm
Flying Lotus,Sultan's Request,Am
Flying Lotus,The Nightcaller,Em
Foreign Beggars,Hold On (feat DVS and Skinnyman),Cm
Foreign Beggars,"Stabilize (feat Kashmere, Metropolis and Graziella)",Bm
Four Tet,Parks,Am
Four Tet,She Moves She,Am
Four Tet,Twenty Three,Em
Four Tet,Unspoken,Em
Fourward,Talk To Me,Em
Frank Black,Headache,B
Frankie Goes To Hollywood,Relax,Em
Franz Ferdinand,The Dark Of The Matinee,A
Fred V,In My Head (Mutated Forms VIP),Cm
Fred V & Grafix,Find My Way,Bbm
Freddie McGregor,Big Ship,F
Frederic Robinson,Bloom (feat Stray),F#m
Frederic Robinson,Particles,Bbm
Frederic Robinson,Shut,F#m
Frederic Robinson,Static Float,G
Freemasons,Discopolis,Am
Freestylers,Don't Stop,F#m
Freestylers,Painkiller (feat Pendulum) (Ed Solo & Skool Of Thought Remix),Am
Freestylers,Ruffneck (feat Navigator),Fm
Friction,Flip The Page,Am
Friction,Life Cycle,Gm
Friction,Someone (feat McLean) (The Prototypes Remix),Fm
Fugees,Family Business,Fm
Fugees,Nappy Heads,Gm
Fugees,Ready Or Not (Ib's quantised DJ Zinc Remix),Am
Funkagenda,Breakwater (EDX Ibiza Sunrise Remix),Fm
Fybe-One,Fountain,Cm
Gabby Young & Other Animals,Goldfish Bowl,A
Gabby Young & Other Animals,We're All In This Together (Ibrahim's We're All OK Mix),C#m
Gang Of Four,Damaged Goods,Em
Gang Starr,The Rep Grows Bigga,Am
Gang Starr,Work,Am
Gary Numan,Cars,A
Gavin Herlihy,Endless Feeling (Larse Remix),Em
Ges-E,Streets Of Basra,Bm
Ginuwine,Pony,C#m
Gnarls Barkley,Crazy,Cm
Gold Chains,Nada,G#m
Goldfrapp,Lovely 2 C U,Gm
Goldfrapp,Ooh La La,Am
Goldfrapp,Train,Fm
Goose,Black Gloves,Em
Gorillaz,All Alone,Am
Gorillaz,Clint Eastwood (Ed Case & Sweetie Irie Refix),Ebm
Gorillaz,El Mañana,Am
Gorillaz,Feel Good Inc.,Ebm
Gorillaz,Sound Check (Gravity),Am
Gramatik,Dungeon Sound,Dm
Grandmaster Flash,The Message (feat The Furious Five),G#m
Grimes,Visiting Statue,Bbm
Grooverider,Rainbows Of Colour (feat Roya Arab) (VIP Mix),Cm
Grum,The Touch (Radio edit),Em
Guy J,High (Marc Marzenit Remix),Fm
Gwen McCrae,All This Love That I'm Giving,Ebm
GZA,B.I.B.L.E. (Basic Instruction Before Leaving Earth),C#m
Halcali,Giri Giri Surfrider,Cm
Hamilton,Soundboy VIP,Em
Happy Mondays,Step On,D
Hardrive,Deep Inside,Bm
Hardwell,Smoke (Remastered Club Mix),G#m
Hayley Parsons,In My Seoul (Sage Tech Remix),Gm
Henrik B,Overrun,Gm
High Contrast,Almost Human (feat Clare Maguire),Dm
High Contrast,Basement Track,Am
High Contrast,If We Ever (feat Diane Charlemagne),Dm
High Contrast,Kiss Kiss Bang Bang,Gm
Holger Zilske,To Them To Me (Vincenzo Teardrop Remix),Am
Hollen,Arpeus,Cm
Hot Chip,And I Was A Boy From School,G#m
Hot Chip,Over & Over,Cm
Hot Chip,Shake A Fist,Cm
Hot Since 82,Let It Ride,Am
Hot Toddy,Slave To You,Em
House of Pain,Jump Around,E
Hybrid Minds,Meant To Be,Fm
Ice Cube,It Was A Good Day,Gm
Ice Cube,You Can Do It (feat Mack 10 and Ms Toi),Am
Iggy Pop,The Passenger,Am
Ike,Diskadenz,Em
Incident,Hindoo,Am
Indo,R U Sleeping (Bump & Flex Vocal Mix),Em
Infinity Ink,Infinity,Am
Ini Kamoze,Here Comes The Hotstepper,Bm
Inner City,Good Life,Bm
J Majik & Wickaman,Ritual,Fm
Jackie Edwards & Julie Anne,In Paradise,F#
Jackson 5,I Want You Back,G#
Jaded Little Pill,Accelerator,G#m
James Brown,Get Up (I Feel Like Being A) Sex Machine,Eb
James Brown,Papa's Got A Brand New Bag (Part 1),Em
James Brown,The Payback (Part 1) (DJ promo version),Bbm
Jamiroquai,Space Cowboy (David Morales Classic Club Remix),Bbm
Jason Sparks,Gangsters,Bb
Jay Z,99 Problems,Em
Jay Z,Niggas In Paris,Fm
Jay-Z,Dead Presidents II,Gm
Jaydee,Plastic Dreams (Radio Edit),Cm
Jean Knight,Mr Big Stuff,Eb
Jean-Jacques Perrey,E.V.A.,Cm
Jimi Hendrix,All Along The Watchtower,Cm
JK Soul,The Music,Em
John B,ElectroFreek! (feat Libby Picken) (Epic Killah Mix),Em
John Dahlback,Sing That,C#m
John Williams,The Imperial March,Gm
Johnny Almond Music Machine,Solar Level,Cm
Johnny Osbourne & The Sensations,See And Blind,C
Jonny L,Hurt You So,Bm
Joris Voorn,Ringo,Fm
Josh Wink,Higher State Of Consciousness (Tweekin' Acid Funk),G
Joy Division,Love Will Tear Us Apart,D
Joyce Muniz,Malicia (feat Sketch),Gm
Junior Senior,Move Your Feet,Am
Jurassic 5,Concrete Schoolyard,C
Jurassic 5,In The Flesh,G
Jurassic 5,Twelve,Bm
Justice,D.A.N.C.E.,A
Justice,Phantom Pt II,Dm
Justice vs Simian,Never Be Alone,Am
Justin Hinds & The Dominos,Carry Go Bring Come,C
Justin Timberlake,Like I Love You,Bm
JVC Force,Strong Island,F#m
Kanye West,Gold Digger,G#m
Kaskade,I Remember (feat Deadmau5) (J Majik & Wickaman Remix),Bm
Kate Tempest,Circles,Bm
Kate Tempest,The Beigeness,Gm
Katy B,Katy On A Mission (Single),Cm
Kelis,Caught Out There,Gm
Kelis,Milkshake (Freq Nasty's Hip Hall Mix),C#m
Klangkarussell,Sonnentanz,Fm
Kloe & Imprintz,It's Time,Em
Kool A.D.,A Ganglion of Lightnings,Bbm
Kool And The Gang,Get Down On It,Em
Kosheen,Hide U (Single),C#m
Krafty Kuts,Happiness (feat A-Skillz),G#
Krash Slaughta,Ray's Road,Am
KRS-One,MCs Act Like They Don't Know,Ebm
KRS-One,Sound Of Da Police,F#m
Kula Shaker,Hey Dude,C
Kurtis Blow,The Breaks,Em
Kylie Minogue,Can't Get You Out Of My Head,Dm
La Roux,In For The Kill,G#m
Ladytron,Beauty #2,F#m
Ladytron,Destroy Everything You Touch,Em
Ladytron,Seventeen,Gm
Ladytron,The Reason Why,Cm
Lamb,I Cry,F#m
Lamb,Sweetheart,Am
Lambchop,Up With People,E
Lane 8,Every Night (Radio edit),D
Larse,So Long,Am
Laurent Garnier,The Sound Of The Big Babou,Bb
LCD Soundsystem,Daft Punk Is Playing At My House,Am
LCD Soundsystem,Losing My Edge,Gm
LCD Soundsystem,North American Scum,Em
LCD Soundsystem,Tribulations,Bm
Leftfield,A Final Hit,Dm
Leftfield,Afrika Shox,Ebm
Leftfield,Afro-Left,G#m
Leftfield,Chant Of A Poor Man,Fm
Leftfield,Inspection (Check One),Fm
Leftfield,Phat Planet,G#m
Leftfield,Song Of Life,Cm
Leftfield,Space Shanty,G
Leftfield,Storm 3000,Dm
Leftfield,Swords,Gm
Lenzman,Broken Dreams,F#m
Lenzman,Open Page (feat Riya),Bbm
Les Rythmes Digitales,(Hey You) What's That Sound?,G#m
Les Rythmes Digitales,Jacques Your Body (Make Me Sweat),Bm
Lethal Bizzle,Pow! (Forward),Fm
Lewis B,Pinball,Cm
Liam Bailey,When Will They Learn (Radio Edit),F#m
Lipps Inc,Funkytown,C
Liquid,Sweet Harmony,Am
Liquid Stranger,Shake My Ass,Fm
Livin' Joy,Dreamer,Cm
LL Cool J,It Gets No Rougher,Bbm
Lo-Fidelity Allstars,Battleflag,Cm
Loadstar,Kaoss,Fm
Loadstar,Refuse To Love,Am
Loadstar,Stepped Outside,Fm
Logistics,2999 (Wherever You Go),Em
Logistics,Inside My Soul (Friction & Nu Balance Remix),Cm
Logistics,The Trip,Ebm
Logistics,Together,G#m
Loleatta Holloway,Love Sensation,Am
London Elektricity,Just One Second (Apex Remix),F#m
London Elektricity,Melloizdaman (feat MC Mello),Am
London Elektricity,Vapour Trails,F
Lou Millar,Brute Heart (Matrices Remix),Bm
Louie Austen,Grab My Shaft! (feat Peaches),C#m
Lovebirds,This Time (feat Novika) (Gorge Remix),Ebm
Lowkey,I'm Back,Gm
Luke Vibert,I Hear The Drummer,Ebm
Luminox,I Run This,Gm
Luniz,I Got 5 On It (Aphrodite's Original Dubplate),Bbm
Luther Vandross,Never Too Much,Bm
Lynx,Shimmy,F#m
M-Beat,Sweet Love (feat Nazlyn),Bb
M.I.A.,10 Dollar,G#m
M.I.A.,Amazon,Bm
M.I.A.,"Fire, Fire",C#m
M.I.A.,Paper Planes,D
M.O.P.,Ante Up (Robbing-Hoodz Theory) (feat Funk Master Flex),Fm
M.O.P.,Cold As Ice,G#m
M|O|O|N,Crystals,Am
Maceo & The Macks,Cross The Tracks (We Better Go Back),Bbm
Madness,Chase The Devil,Am
Madness,One Step Beyond,Cm
Major Lazer,Get Free (Andy C Remix),Bm
Mark Knight,Alright,Cm
Mark Knight,Antidote (feat Funkagenda),Ebm
Mark Knight,Conscindo (feat Wolfgang Gartner),Gm
Mark Knight,Man With The Red Face (feat Funkagenda),Fm
Mark Knight,Nothing Matters (feat Skin) (Noisia Remix),Em
Mark Knight,Your Love,Ebm
Marshall Jefferson,Move Your Body,Em
Martha Reeves & The Vandellas,Nowhere To Run,G
Marvin Gaye,Got To Give It Up (Part 1),Am
Marxman,Fascist Boom,Bbm
Mary J Blige,Family Affair,C#m
Massive Attack,Angel,Cm
Massive Attack,Mezzanine,Am
Massive Attack,Teardrop,Am
Massive Attack,Unfinished Sympathy,Dm
Masta Ace,Unfriendly Game (feat Stricklin),Bbm
Max Romeo & The Upsetters,Chase The Devil (Ib's quantised edit),Am
MC Hammer,U Can't Touch This,Am
MC Solaar,¡Hasta La Vista Mi Amor! (Spanish Version),Ebm
Metrik,Genesis,Em
Metrik,I See You (feat Kathy Brown),Cm
Michael Jackson,Beat It,Ebm
Michael Jackson,Billie Jean,F#m
Michael Woods,Nitro,Em
Mickey Finn & Aphrodite,Bad Ass,Gm
Mighty Dub Katz,Magic Carpet Ride,F#m
Mind Vortex,Alive,Bm
Mindscape,Bounce,F#m
Miss Kittin,Happy Violentine,Ebm
Miss Kittin,Professional Distortion,Fm
Missy Elliott,Get Ur Freak On,Fm
MJ Cole,Sincere (Nero Remix),Fm
MK,Always (feat Alana) (Route 94 Remix),Dm
Mobb Deep,I'm Going Out (ft. Lil' Cease),Bm
Mobb Deep,Shook Ones Pt 2 (Instrumental),Bbm
Mobb Deep,Survival Of The Fittest (Remastered),Em
Moby,Anthem,Fm
Moby,Go,Em
Moby,Honey,Bbm
Moloko,Cannot Contain This,Em
Moloko,Sing It Back (Boris Dlugosch Musical Mix Edit),Ebm
Moresounds,Day N Days,Em
Mos Def,Ms Fat Booty,F#m
Moving Fusion,Turbulence,G#m
Mr Fingers,Can You Feel It (Instrumental),Am
Mr Oizo,Flat Beat,Bm
Mr Scruff,Get A Move On,Gm
Mr Scruff,Ug,Bm
Ms Dynamite,Neva Soft (Nu-Tone Remix),Dm
Muffler,4 Years,Gm
Muffler,Dribble,Fm
Múm,Now There's That Fear Again,Fm
Múm,We Have A Map Of The Piano,F#m
Musical Youth,Pass The Dutchie,C
Mylo,Drop The Pressure,Em
Mylo,Paris Four Hundred,Am
Mylo,Zenophile,Bm
N Joi,Anthem,Dm
N-Trance,Set You Free,G#
N3gus,Swag Bag,Ebm
Nadine Sutherland,Karma,G#m
Nas,Got Ur Self A,F#m
Nas,If I Ruled The World (Imagine That) (feat Lauryn Hill),Bbm
Nas,N.Y. State Of Mind,C#m
Nas,The World Is Yours,Dm
Natural Born Chillers,Rock the Funky Beat,Bbm
Naughty By Nature,OPP,A
Nelly,Ride Wit Me,G
Neon Neon,I Lust U (feat Kate Le Bon),Bm
Neon Neon,Luxury Pool,Fm
Neptune,Soul Pride,Fm
Nero,Electron,D
Nero,Me & You (Dirtyphonics Remix),Gm
Nero,Requiem,Gm
Netsky,Drawing Straws,F#m
Netsky,Mellow (feat Terri Pace),Ebm
Netsky,Secret Agent,Bbm
Netsky,Storm Clouds,Am
Netsky,When Darkness Falls (feat Bridgette Amofah),Cm
New Order,Blue Monday (Hardfloor Mix),Dm
New Order,Confusion (Pump Panel Reconstruction Remix),G#m
New Order,True Faith '94,Dm
Nick Cave & The Bad Seeds,Red Right Hand,Bm
Nightcrawlers,Push The Feeling On (Radio Mix),Bm
Nikka Costa,Like A Feather (Radio Edit),Bm
Nirvana,Smells Like Teen Spirit,Fm
No Doubt,Hella Good,Gm
No Doubt,Just A Girl,D
Noisia,Red Heat,Ebm
Noisia,Shellshock (feat Foreign Beggars),Fm
Noisia,Split The Atom,G
Noisia,Stigma,G
Northern Lite,Treat Me Better,G#m
Nu-Tone,The Feeling (feat Ben Westbeech),Gm
Nu-Tone,Win The Fight (feat Lisa Millett),Am
Nuyorican Soul,I Am The Black Gold Of The Sun,G#m
Nuyorican Soul,Nautilus (Mawtilus),Am
NWA,Express Yourself (Remix),Eb
ODB,Got Your Money (feat Kelis),Fm
ODB,Shimmy Shimmy Ya,C
Olive,You're Not Alone,Gm
Omni Trio,Haunted Kind,Am
Omni Trio,Renegade Snares (High Contrast Remix),Bbm
Omni Trio,Secret Life,Fm
Orbital,Chime,Eb
Orbital,Doctor?,Em
Orbital,"Halcyon (7"" Version)",Gm
Orbital,Impact (USA version),A
Orbital,Nothing Left (feat Alison Goldfrapp) (Short Version),A
Orbital,The Box (Part Two),Am
Origin Unknown,Valley Of The Shadows (31 Seconds),Am
Otis Redding,Hard To Handle,Bb
Outkast,B.O.B,Bbm
Outkast,Happy Valentine's Day,Em
Outkast,Hey Ya!,G
Outkast,Ms. Jackson,Am
Outkast,The Rooster,Ebm
Paul SCUBI Smith,Word Smith,Bbm
Peaches,I Feel Cream,Ebm
Peaches,Shake Yer Dix (feat Mignon),Ebm
Pendulum,Fasten Your Seatbelt (feat Freestylers),Gm
Pendulum,Out Here,Ebm
Pendulum,Slam,Ebm
Pendulum,"Tarantula (feat Fresh, Spyda and Tenor Fly)",Dm
Phaeleh,Afterglow,Bbm
Phaeleh,Fallen Light,Dm
Phaeleh,Here Comes The Sun (feat Soundmouse),Em
Phaeleh,In The Twilight,Em
Phaeleh,The Cold In You (feat Soundmouse),Gm
Phaeleh,Whistling In The Dark (feat Augustus Ghost),Dm
Pharoahe Monch,Simon Says,Em
Photek,Man Down,Em
Pimpsoul,Place To Be (feat DJ P),C#m
Pixies,Debaser,F
Pixies,Holiday Song,Am
Pixies,Where Is My Mind?,E
Pizzaman,"Happiness (7"" Edit)",F
Plump DJs,Creepshow (Freestylers Mix),Ebm
Plump DJs,Electric Disco,C#m
Plump DJs,System Addict,Ebm
Portishead,Wandering Star,Bm
Praxis,"Turn Me Out (Turn To Sugar) (Sol Brothers Turn To Sugar 7"" Edit)",Cm
Primal Scream,Loaded,Eb
Primal Scream,Movin' On Up,C
Prodigy,Breathe,Ebm
Prodigy,Firestarter (Instrumental),F#m
Prodigy,Mindfields,Fm
Prodigy,No Good,Cm
Prodigy,Out Of Space,G#m
Prodigy,Poison (Ibrahim's Edit),E
Prodigy,Smack My Bitch Up,Bbm
Prodigy,Under My Wheels (Remix),F#m
Prodigy,Voodoo People (Pendulum Remix),G#m
Propellerheads,Crash!,Em
Propellerheads,History Repeating (feat Shirley Bassey),Bbm
Propellerheads,Take California,F#m
Pulp,Common People,C
Purity Ring,Fineshrine,Fm
Purity Ring,Obedear,F#m
Purity Ring,Saltkin,G#m
Quantum Soul,Mithras (feat Perverse),Em
R Kelly,Ignition (Remix),G#
Radiohead,Idioteque,Eb
Radiohead,Lotus Flower (Jacques Greene Remix),Dm
Radiohead,Supercollider,C
Rae & Christian,Bacalau,Cm
Raekwon,Ice Cream,C#m
Raging Fyah,Nah Look Back,Bb
Rakim,Guess Who's Back (Instrumental),Fm
Rameses B,Drift Away (feat Veela),Am
Rawthang,Scorned,Fm
Red Hot Chili Peppers,Under The Bridge,E
Relay & Front,Farseer,Am
Reso,Voices Of A Distant Star,Fm
Rick Ross,Hustlin',G#m
Rido,First Contact (feat Hybris),Gm
Riva Starr,The Care Song (feat Bob Andy),G#
Robin S,Show Me Love (Stonebridge Edit),Dm
Robyn,Dancing On My Own,F#
Robyn,Indestructible,Bm
Ronald Aquinas,The Band,Dm
Roni Size Reprazent,Brown Paper Bag,Em
Roni Size Reprazent,Railings,Bbm
Roni Size Reprazent,Snapshot,Am
Roots Manuva,Chin High,Em
Roots Manuva,Join The Dots,Cm
Roots Manuva,Movements (Live),Gm
Roots Manuva,Stone The Crows,Bbm
Roots Manuva,Witness (1 Hope),G#m
Roy Davis Jr,Gabriel (feat Peven Everett),C#m
Royalston,Arps of Fury,Gm
Royalston,Late Nights,F#m
Röyksopp,Eple,Fm
Röyksopp,Happy Up Here,Bb
Röyksopp,Remind Me,Dm
Röyksopp,The Girl And The Robot,Am
Röyksopp,Vision One,G#m
Rudimental,Waiting All Night (feat Ella Eyre),F#m
Run-DMC,It's Tricky,Em
Run-DMC,Walk This Way,Em
Rusko,Everyday (Netsky VIP Remix),Em
S.P.Y.,Hotspot,Fm
S.P.Y.,Turn The Lights Off,Fm
Saint Etienne,Only Love Can Break Your Heart,Dm
Salt N Pepa,Push It,Am
Sam & Dave,"Hold On, I'm Comin'",G#
Sam & Dave,Soul Man,G
Sandy B,"Make The World Go Round (Deep Dish Vocal 12"")",G
Santigold,Creator (feat Switch and Freq Nasty),Dm
Santigold,Disparate Youth,Fm
Santigold,Shove It (feat Spankrock),Ebm
Santigold,You'll Find A Way,C#m
Sasha,Mongoose,Em
Sbtrkt,Midnight Marauder (feat Sinden),Gm
Sbtrkt,Trials Of The Past,Am
Sbtrkt,Wildfire,Cm
Scissor Sisters,Comfortably Numb,Bm
Scissor Sisters,Laura,Bbm
Scratch Massive,Girls On Top (Breaks Version),Fm
Scratch Perverts,Stand By (Krafty Kuts Remix),Gm
Sean Miller & Daniel Dubb,Sinnerman,Bm
Seven,Live From The Future (VIP) (feat Joe Raygun),Gm
Seven,Stratosfear (feat Dubtek),Fm
Shamen,Phorever People (Beatmasters Heavenly Edit),Bbm
Shimon & Andy C,Bodyrock,Bm
Shlohmo,The Way U Do,Em
Shock One,Polygon (feat Reija Lee),F#m
Shy FX,Feelings (feat T-Power),Em
Shy FX,On The Run (feat David Boomah),Bbm
Shystie,Nu Style (DeeKline & Ed Solo Mix),Em
Sigma,Stronger,F#m
Simon & Garfunkel,A Hazy Shade Of Winter,Dm
Sister Sledge,We Are Family,Am
Sizzla,Blessed (David Starfire remix),Gm
Sizzla,I'm Living (Ed Solo & Stickybuds remix),C#m
Skinnyman,I'll Be Surprised,G#
SL2,DJs Take Control,Fm
SL2,On A Ragga Tip (Ib's quantised edit),A
Snap,The Power,Bm
Snoop Dogg,Beautiful (feat Pharrell and Uncle Charlie Wilson),Bm
Snoop Dogg,Who Am I (What's My Name),Bm
Soft Cell,Tainted Love,Gm
Solid State,Just A Vision,F#m
Somore,I Refuse (What You Want) (Industry Standard Club Mix),Cm
Soul Hooligan,Ride The Pony,Dm
Souls Of Mischief,93 'Til Infinity,Cm
Soulwax,Another Excuse,Am
Soulwax,Krack,Ebm
Sound Zero,Fade (Ian Christ Remix),Gm
Soundscape,Dubplate Culture,Cm
Souvlaki,Inferno (Fired Up Mix),Em
Special Ed,I Got It Made,Cm
Spiller,Groovejet (Instrumental),Am
Spor,Aztec,B
Spor,Ziggurat,Bm
Squarepusher,My Red Hot Car,F#m
Stanton Warriors,Get Wild (feat Big Daddy Kane) (Stantons Bounce Mix),Em
Stardust,Music Sounds Better,Em
Stay Puft,LF Dream,Am
Stay Puft,LF Dream (Clima Remix),Am
Stealth,Lost Highway (feat Altair),Am
Stetsasonic,Talkin' All That Jazz,Am
Steve Mac & Paul Harris,You (FPS Remix),G#m
Stevie Wonder,Master Blaster (Jammin'),Cm
Stevie Wonder,Sir Duke,B
Stevie Wonder,Superstition,Ebm
Stevie Wonder,Uptight (Everything's Alright),C#
Sting & The Police,Message In A Bottle,C#m
Sting & The Police,Roxanne,Gm
Sub Focus,Out The Blue (Club Mix),G#m
Sub Focus,Rock It,Fm
Sub Focus,Timewarp,Fm
Sub Focus,Triple X,C
Substatic,Wild Horses (Demo),Em
Suzanne Vega,Tom's Diner,F#m
Swarms,Flikr Of Ur Eyes,Gm
Sway,Download,Gm
Sway,Pepsi,Dm
Sylvester,You Make Me Feel (Mighty Real),Fm
Synkro,Back Then,Bm
TC,Tap Ho,F#m
Technimatic,Frozen Leaves,Em
Tensnake,Coma Cat,Dm
The All Seeing I,Beat Goes On,F
The Beach Boys,I Get Around,G
The Beloved,The Sun Rising (Radio Edit),Bm
The Blind Boys Of Alabama,Way Down in the Hole,Bbm
The Boxettes,Free (Masss Remix),Bbm
The Breakfastaz,The Pressure (Aquasky Mix),Dm
The Breeders,Cannonball,Bbm
The Bucketheads,The Bomb,Dm
The Buzzcocks,Ever Fallen In Love (With Someone You Shouldn't've)?,C#m
The Cardigans,Hanging Around,Ebm
The Cardigans,My Favourite Game,Cm
The Chemical Brothers,Block Rockin' Beats (Single),Cm
The Chemical Brothers,Dig Your Own Hole,Ebm
The Chemical Brothers,Hey Boy Hey Girl,Dm
The Chemical Brothers,It Began In Afrika,Am
The Chemical Brothers,Let Forever Be,Eb
The Chemical Brothers,Star Guitar,F
The Chemical Brothers,Three Little Birdies Down Beats,Gm
The Chemical Brothers,Under The Influence,G#m
The Clash,Rock The Casbah,Am
The Commodores,Brick House,Am
The Contours,Do You Love Me,F
The Cure,A Forest,Am
The Cure,Friday I'm In Love,D
The Cure,The Lovecats,Am
The English Beat,Mirror In The Bathroom,Em
The Flashbulb,Meadow Crush,Am
The Future Sound of London,Papua New Guinea,Fm
The Gap Band,"I Don't Believe You Want To Get Up And Dance (Oops, Up Side Your Head)",Em
The Go! Team,Get It Together,G
The Go! Team,Junior Kickstart,Bbm
The Gossip,Standing In The Way Of Control,Am
The Grid,Swamp Thing,Am
The Heptones,Meaning Of Life,G
The Herbaliser,The Blend (feat What What),Cm
The Hives,Hate To Say I Told You So,Dm
The Hives,Main Offender,Dm
The Isley Brothers,This Old Heart Of Mine (Is Weak For You),C
The Jacksons,Shake Your Body (Down To The Ground),G
The Jam,Going Underground,B
The Kills,Cat Claw,Bm
The Kills,Future Starts Slow,Bm
The Kingsmen,Louie Louie,Am
The Kinks,All Day And All Of The Night,G
The Knack,My Sharona,G
The La's,There She Goes (Single),G
The Notorious BIG,Mo Money Mo Problems (New Anniversary Mix),E
The Only Ones,"Another Girl, Another Planet",E
The Roots,Good Music,Em
The Roots,You Got Me (feat Erykah Badu),Bm
The Source,You Got The Love (feat Candi Staton) (Now Voyager Mix),G
The Specials,A Message To You Rudy,C
The Specials,Monkey Man,G
The Staple Singers,I'll Take You There,C
The Stone Roses,Fool's Gold (Grooverider Mix),Am
The Streets,Blinded By The Lights,Am
The Streets,Don't Mug Yourself,Eb
The Strokes,Reptilia,Bm
The Sugarhill Gang,Apache,Am
The Sugarhill Gang,Rapper's Delight,Em
The Ting Tings,That's Not My Name,Em
The Undertones,Teenage Kicks,D
The Upbeats,Alone (feat Tasha Baxter) (Fourward Remix),Gm
The Upbeats,Diffused (S.P.Y. Remix),Cm
The Velvet Underground,I'm Waiting For The Man,D
The Vines,Get Free,Dm
The Wannadies,You And Me Song,D
The White Stripes,Blue Orchid (High Contrast Remix),Am
The White Stripes,Fell In Love With A Girl,Bm
The White Stripes,Seven Nation Army,Em
The Wiseguys,Ooh La La,C#
The XX,Crystalised (Dark Sky remix),Bm
The XX,VCR (Four Tet Remix),C
Thievery Corporation,Sun Moon And Stars,Am
Thom Yorke,Skip Divided (Modeselektor Remix),G#m
Thom Yorke,The Clock (Surgeon Remix),Bm
Tiga,You Gonna Want Me,Gm
Tim Healey,Real Smooth (feat DJ Assault and Tomcraft) (Krafty Kuts Remix),Bbm
Timewrap,Ain't Swing It,Gm
Timewrap,Flush,Dm
Tinie Tempah,Pass Out,Fm
Todd Edwards,Never Far From You,F#m
Todd Terje,Inspector Norse,F
Todd Terry,Something Goin' On (Tee's Radio Edit),Bm
Tokyo Prose,Status Anxiety,Bm
Tom Petty & The Heartbreakers,American Girl,D
Tori Amos,Professional Widow (Armand's Star Trunk Funkin' Mix),Dm
Tove Lo,Stay High (feat Hippie Sabotage) (Habits Remix),Em
Trashbat,Ink & Pink,G#m
Tuff Crew,My Part Of Town,G#m
TV On The Radio,DLZ,G#m
TV On The Radio,King Eternal,Bm
TV On The Radio,Staring At The Sun,Gm
Ulterior Motive,Forgiven,Gm
Umek & Beltek,Out Of Play,Bm
Underworld,Born Slippy,Eb
Underworld,Scribble (Netsky Remix),C#m
Unkle,Celestial Annihilation,Ebm
Unstable Compound,Move Up (Elicheinfunzione Remix),Bm
Urban Shakedown,Arsonist (AKA Some Justice '95),Bbm
Vector Lovers,Tokyo Glitterati,Bbm
Vector Lovers,Yamanote Sundown,Bbm
Vespa,Came My Way,Cm
Violent Femmes,Blister In The Sun,G
Wankelmut,My Head Is A Jungle (Instrumental),Gm
Way Out West,The Gift (Radio Edit),C
Weezer,Hash Pipe,Am
West Street Mob,Break Dance - Electric Boogie,Am
White Town,Your Woman,Gm
Wickaman,Renegade Skank (feat Hoodlum and Mavrick),Cm
Wildchild,Renegade Master (Fatboy Slim Old Skool Mix),C#m
Wiley,Numbers In Action,F#m
Wilkinson,Hypnosis,Bbm
Wilkinson,Take You Higher,Fm
Wilson Pickett,Everybody Needs Somebody To Love,E
Wilson Pickett,Land Of 1000 Dances,D
Wookie,Down On Me,Am
Wookie,VCF,F#m
Wu-Tang Clan,"Do You Really (Thang, Thang)",Gm
Wu-Tang Clan,Gravel Pit,Am
Wyclef Jean,It Doesn't Matter (feat The Rock and Melky Sedeck),Gm
Wyclef Jean,Thug Angels,Cm
Xample,Keep Their Heads Ringing,Fm
Xzibit,Hey Now (Mean Muggin'),Am
Yeah Yeah Yeahs,Gold Lion,F#m
Yelle,A Cause Des Garçons (Tepr Remix),Dm
Yelle,Je Veux Te Voir,Am
Young MC,Know How,Gm
Zourlia Division,Bonne Alchemie,Gm
